[
  {
    "question": "How old are you?",
    "answer": "22"
  },
  {
    "question": "What is your highest level of education?",
    "answer": "Master\u2019s Degree"
  },
  {
    "question": "What major or field of study did you pursue during your education?",
    "answer": "data science and AI"
  },
  {
    "question": "How many years of work experience do you have?",
    "answer": "I am currently a student and do not have any formal work experience"
  },
  {
    "question": "What type of work or industry have you been involved in?",
    "answer": "I am currently a student and do not have any formal work experience. However, I have gained practical skills through academic projects and internships."
  },
  {
    "question": "Can you describe your current role or job responsibilities?",
    "answer": "I don't know"
  },
  {
    "question": "What are your core beliefs regarding the role of technology in shaping society?",
    "answer": "I believe that technology has the power to transform societies by improving access to education, healthcare, and economic opportunities. However, it is crucial to ensure that technological advancements are inclusive and ethical, addressing the needs of all communities, especially marginalized ones."
  },
  {
    "question": "How do you think cultural values should influence technological advancements?",
    "answer": "collectivist cultures"
  },
  {
    "question": "As a master\u2019s student, what is the most challenging aspect of your studies so far?",
    "answer": "balancing coursework with research"
  },
  {
    "question": "What specific research interests or academic goals do you hope to achieve during your time as a master\u2019s student?",
    "answer": "I am currently a student and do not have any formal work experience. However, I have gained practical skills through academic projects and internships. Academic Challenges: The most challenging aspect of my studies so far has been balancing coursework with research. The fast-paced nature of data science and AI requires constant learning and adaptation, which can be overwhelming at times. However, I view this as an opportunity to grow and develop resilience."
  }
]